,url,address,cep,MW,sq.m,Est,sq.f,latitude,longitude
0,https://www.datacentermap.com/brazil/sao-paulo/av-roberto-pinto-sobrinho-350-1/specs/,"Ascenty Data Centers Avenida Roberto Pinto Sobrinho, 350 Building 1 06268-120 Osasco Brazil",06268-120,6,"3,493",,,-23.492249205472,-46.778292361078
1,https://www.datacentermap.com/brazil/sao-paulo/rodovia-anhanguera-bldg-1/specs/,"Ascenty Data Centers Rodovia Anhanguera s/n, Parque das Industrias (Nova Veneza)Bldg 1 13177-435 SumaréSão Paulo,Brazil",13177-435,14,"10,990",2017,,-22.811354297463,-47.212282684952
2,https://www.datacentermap.com/brazil/sao-paulo/r-papa-joao-paulo-ii-4/specs/,"Ascenty Data Centers R. Papa João Paulo II 4 Building 1 13185-252 Hortolândia São Paulo,Brazil",13185-252,10,"3,995",2015,,-22.896033619948,-47.179040874904
3,https://www.datacentermap.com/brazil/sao-paulo/rodovia-anhanguera-bldg-2/specs/,"Ascenty Data Centers Rodovia Anhanguera s/n, Parque das Industrias (Nova Veneza)Bldg 2 13177-435 SumaréSão Paulo,Brazil",13177-435,20,"11,994",2019,,-22.811354297463,-47.212282684952
4,https://www.datacentermap.com/brazil/sao-paulo/av-roberto-pinto-sobrinho-350-3/specs/,"Ascenty Data Centers Avenida Roberto Pinto Sobrinho, 350 Building 3 06268-120 Osasco Brazil",06268-120,4,"3,995",,,-23.492249205472,-46.778292361078
5,https://www.datacentermap.com/brazil/sao-paulo/av-2-50-quadra-g1/specs/,"Ascenty Data Centers Av. 2, 50, Quadra G1, Distrito Industrial Benedito Storani Bldg 2 13288-162 Vinhedo São Paulo,Brazil",13288-162,27,"20,987",,,-23.038156080543,-46.984838716213
6,https://www.datacentermap.com/brazil/sao-paulo/av-roberto-pinto-sobrinho-350-2/specs/,"Ascenty Data Centers Avenida Roberto Pinto Sobrinho, 350 Building 2 06268-120 Osasco Brazil",06268-120,14,"8,491",,,-23.492249205472,-46.778292361078
7,https://www.datacentermap.com/brazil/sao-paulo/r-sebastião-cardoso/specs/,"Ascenty Data Centers R. Sebastião Cardoso 350 13140-000 Paulínia São Paulo,Brazil",13140-000,13,"7,990",,,-22.795499890451,-47.135856153416
8,https://www.datacentermap.com/brazil/sao-paulo/rua-papa-joao-paulo-ii-4-building-3/specs/,"Ascenty Data Centers Rua Papa João Paulo II, 4 Building 3 13185-252 Hortolândia SP,Brazil",13185-252,3,"1,997",2019,,-22.896033619948,-47.179040874904
9,https://www.datacentermap.com/brazil/sao-paulo/rua-papa-joao-paulo-ii-4-building-2/specs/,"Ascenty Data Centers Rua Papa João Paulo II, 4 Building 2 13185-252 Hortolândia SP,Brazil",13185-252,7,"2,991",2019,,-22.896033619948,-47.179040874904
10,https://www.datacentermap.com/brazil/sao-paulo/asap-sp1/specs/,"ASAP Telecom Av. das Nações Unidas, 22540 PV01 C04795000 São Paulo SP,Brazil",04795000,2,400,2022,,-23.67866218727,-46.698943817382
11,https://www.datacentermap.com/brazil/sao-paulo/equinix-sp5x/specs/,"Equinix Av. Marcos Penteado de Ulhôa Rodrigues, 888 06543-001 Santana de Parnaíba Brazil",06543-001,14.4,"5,087",,,-23.4645325,-46.8572668
12,https://www.datacentermap.com/brazil/sao-paulo/equinix-sp3/specs/,"Equinix Av. Marcos Penteado de Ulhôa Rodrigues, 249 06543-001 Santana do Parnaíba SP,Brazil",06543-001,,"9,000",,,-23.4663152,-46.86327827535581
13,https://www.datacentermap.com/brazil/sao-paulo/ascenty/specs/,"Ascenty Data Centers Avenida Pierre Simon de Laplace, 1211 13069-320 Campinas Sao Paulo,Brazil",13069-320,6,"4,998",,,-22.84837340603,-47.153128640332
14,https://www.datacentermap.com/brazil/sao-paulo/equinix-sp1/specs/,"Equinix Rua Doutor Miguel Couto, 58, Centro01008-010 São Paulo SP,Brazil",01008-010,,"1,664",1998,,-23.546015384396,-46.635778633242
15,https://www.datacentermap.com/brazil/sao-paulo/equinix-sp4/specs/,"Equinix Av. Ceci, 1900 - Res. Tambore, Tamboré06460-120 Barueri São Paulo,Brazil",06460-120,,"10,704",,,-23.497448111549,-46.824668128779
16,https://www.datacentermap.com/brazil/sao-paulo/matrix/specs/,"SBA Edge Rua Jose Abrantes, 186 04756-010 Sao Paulo SP,Brazil",04756-010,2,"1,600",2001,,-23.646793017931,-46.7174176158
17,https://www.datacentermap.com/brazil/sao-paulo/cma/specs/,"Novvacore Rua Professor Filadelfo de Azevedo 712 04508011 Sao Paulo Sao Paulo,Brazil",04508011,2,400,1990,,-23.587778510334,-46.670663778982
18,https://www.datacentermap.com/brazil/sao-paulo/elea-digital-spo1/specs/,Elea Data Centers Av. Guido Caloi 1000 Bloco 705802 Sao Paulo Brazil,,,,,,-23.5486657,-46.6382522
19,https://www.datacentermap.com/brazil/sao-paulo/lumen-parque-sao-georgia/specs/,"Cirion Av. Eid Mansur, 666 06708-070 Parque Sao Georgia Cotia Brazil",06708-070,,"9,826",,,-23.596556935693,-46.849316027509
20,https://www.datacentermap.com/brazil/sao-paulo/ascenty-sp4/specs/,"Ascenty Data Centers Avenida Roberto Pinto Sobrinho, 350 Building 4 06276-016 Osasco Brazil",06276-016,9,"7,497",,,-23.492249205472,-46.778292361078
21,https://www.datacentermap.com/brazil/sao-paulo/maxihost/specs/,"Latitude.sh Rua Dr. Eduardo Martinelli, 100 04013050 Sao Paulo SP,Brazil",04013050,1,400,2016,,-23.580059992885,-46.64119971294
22,https://www.datacentermap.com/brazil/sao-paulo/ascenty-jundiai2/specs/,"Ascenty Data Centers Av. Beirute, 863 13212-181 JundiaíJundiaí,Brazil",13212-181,13,"8,993",,,-23.186539487534,-46.974292689457
23,https://www.datacentermap.com/brazil/sao-paulo/ascenty-jundiai1/specs/,"Ascenty Data Centers Rua Presbítero Plínio Alves de Souza, 757 13212-181 JundiaíJundiaí,Brazil",13212-181,15,"7,990",,,-23.187824526753,-46.973130530049
24,https://www.datacentermap.com/brazil/sao-paulo/datacenter-locaweb-itapaiuna/specs/,"Locaweb S/ARua Itapaiuna, 2434 05707-001 Sao Paulo São Paulo,Brazil",05707-001,2.5,,,,-23.641842538745,-46.727713409067
25,https://www.datacentermap.com/brazil/sao-paulo/scala-sgrusp02/specs/,"Scala Data Centers Alameda Glete 70001215 Sao Paulo SP,Brazil",70001215,4,,,,-23.535295957016,-46.647147561723
26,https://www.datacentermap.com/brazil/sao-paulo/gvt-sao-paulo/specs/,"Vivo Rua Doutor Timóteo Penteado, 976 07094-000 Guarulhos São Paulo,Brazil",07094-000,,200,2011,,-23.456590613082,-46.53785384672
27,https://www.datacentermap.com/brazil/sao-paulo/ascenty-sao-paulo-sp5/specs/,"Ascenty Data Centers Avenida Roberto Pinto Sobrinho, 350 06268-120 Osasco Brazil",06268-120,6,"7,000",,,-23.492249205472,-46.778292361078
28,https://www.datacentermap.com/brazil/sao-paulo/ascenty-sao-paulo-sp6/specs/,"Ascenty Data Centers Av. Roberto Pinto Sobrinho, 350 06268-120 Osasco Brazil",06268-120,8,"7,000",,,-23.492249205472,-46.778292361078
29,https://www.datacentermap.com/brazil/sao-paulo/nabiax-tambore/specs/,Next Stream Av. Marcos Penteado de Ulhôa Rodrigues06543-001 Santana de Parnaíba Brazil,06543-001,6.1,,2012,"4,600",-23.471507798926,-46.841406823794
30,https://www.datacentermap.com/brazil/sao-paulo/takdoa-sao-paulo-sp1/specs/,"TAKODAR. Bento Branco de Andrade Filho, 621 - Jardim Dom Bosco04757-000 São Paulo Brazil",04757-000,7,,,,-23.650565293455,-46.721034658477
31,https://www.datacentermap.com/brazil/sao-paulo/vivo-tambore-1-data-center/specs/,"Vivo Av. Marcos Penteado de Ulhôa Rodrigues, 1690 06543-001 Santana de Parnaíba Brazil",06543-001,7.2,"2,300",,,-23.4645325,-46.8572668
32,https://www.datacentermap.com/brazil/sao-paulo/equinix-sp2/specs/,"Equinix Alameda Araguaia, 3641 Tamboré06455-000 Barueri São Paulo,Brazil",06455-000,,"3,660",,,-23.503103895813,-46.827212919866
33,https://www.datacentermap.com/brazil/sao-paulo/aligned-sp-02/specs/,"Aligned Data Centers R. José Blumer, 150 13186-510 Chácaras Assay, Hortolândia Brazil",13186-510,,"5,600",,,-22.900573720369,-47.197857605579
34,https://www.datacentermap.com/brazil/sao-paulo/elea-digital-spo3/specs/,"Elea Data Centers Al. Rio Negro, 53006454 Barueri Brazil",53006454,5,,,,-23.496767496985,-46.848747224852
35,https://www.datacentermap.com/brazil/sao-paulo/elea-digital-spo2/specs/,"Elea Data Centers Av. Marginal Direita Anchieta, 1 24109891 São Bernardo do Campo Brazil",24109891,5,,,,-23.687748725056,-46.565911155785
36,https://www.datacentermap.com/brazil/sao-paulo/ipxon-sao-paulo/specs/,"IPXON Networks Avenida Roberto Pinto Sobrinho, 350 06276-125 Osasco Brazil",06276-125,12,,,,-23.492249205472,-46.778292361078
37,https://www.datacentermap.com/brazil/sao-paulo/pix-g8-sao-paulo/specs/,"Megatelecom Rua Florida, 1738 04565-001 Sao Paulo Brazil",04565-001,,,,,-23.607166187655,-46.694583216074
38,https://www.datacentermap.com/brazil/sao-paulo/aligned-sp-01/specs/,"Aligned Data Centers39,2, Estr. dos Romeiros, 943 06513-001 Votuparim, Santana de Parnaíba Brazil",06513-001,,"5,600",,,-23.465844429313,-46.905618107833
39,https://www.datacentermap.com/brazil/sao-paulo/scala-data-centers-svcpjd02/specs/,Scala Data Centers Rod. Vice Pref. Hermenegildo Tonoli13212-365 JundiaíBrazil,13212-365,24,,2023,,-23.1782938,-46.9839701
40,https://www.datacentermap.com/brazil/sao-paulo/takdoa-sao-paulo-sp2/specs/,"TAKODAAv. Maria Coelho Aguiar, 215 - Jardim Sao Luis05805-000 São Paulo Brazil",05805-000,1,,,,-23.650151814171,-46.729392170314
41,https://www.datacentermap.com/brazil/sao-paulo/ada-sao-paulo/specs/,"Ada Infrastructure Av. Brig. Faria Lima, 3930 04538-132 Sao Paulo Brazil",04538-132,40,,,,-23.590171920876,-46.682090240848
42,https://www.datacentermap.com/brazil/sao-paulo/qnax-data-center/specs/,"QNAX Data Center Av. Nossa Senhora do Ó, 865 - Limão6 th Floor, Suite 401 02715-000 São Paulo São Paulo,Brazil",02715-000,,,,,-23.504324091368,-46.683198076991
43,https://www.datacentermap.com/brazil/sao-paulo/connect-web/specs/,"Connect Web Av. das Nações Unidas, 12995 - 10º andar04578-000 São Paulo Brazil",04578-000,,,,,-23.605480712655,-46.696386331085
44,https://www.datacentermap.com/brazil/sao-paulo/ultranet-telecom/specs/,"Ultranet Telecom Rua Simao Dias da Fonseca, 61 01539-020 Cambuci Brazil",01539-020,,,2015,,-23.572384684147,-46.622072628989
45,https://www.datacentermap.com/brazil/sao-paulo/microsoft-hortolandia/specs/,"Microsoft Rua Uirapuru, 340, Chácara Recreio Alvorada13183-752 Hortolândia Brazil",13183-752,,,,,-22.844657594224,-47.238003704961
46,https://www.datacentermap.com/brazil/sao-paulo/telium-data-center--spo/specs/,"Telium Networks Av. das Nações Unidas, 13797 04794000 São Paulo SP,Brazil",04794000,,,,,-23.619608620005,-46.69952401272
47,https://www.datacentermap.com/brazil/rio-de-janeiro/av-cel-phidias-távora-513-1/specs/,"Ascenty Data Centers Avenida Coronel Phidias Tavora, 513 Building 1 21535-510 Rio de Janeiro-,Brazil",21535-510,10,"6,996",2017,,-22.807050120461,-43.339618092095
48,https://www.datacentermap.com/brazil/rio-de-janeiro/elea-digital-rjo1/specs/,"Elea Data Centers R. Vargem Grande 10022775 Rio de Janeiro Rio de Janeiro,Brazil",10022775,,,,,-22.9055839688,-43.175089837982
49,https://www.datacentermap.com/brazil/rio-de-janeiro/scala-sgigsm01/specs/,"Scala Data Centers Rod. Pres. Dutra 4 30025565 Sao Joao de Meriti Rio de Janeiro,Brazil",30025565,13.2,,,,-22.80389,-43.37222
50,https://www.datacentermap.com/brazil/rio-de-janeiro/ipxon-rio-de-janeiro/specs/,IPXON Networks Avenida Coronel Phidias Távora 513 21535-510 Rio de Janeiro Brazil,21535-510,10,,,,-22.805786716196,-43.347914751315
51,https://www.datacentermap.com/brazil/rio-de-janeiro/r4c-networks/specs/,"R4 CAv. Das Americas 500 22640100 Barra da Tijuca RJ,Brazil",22640100,,,,,-23.003933691887,-43.318980924468
52,https://www.datacentermap.com/brazil/porto-alegre/quantico-canoas/specs/,"Quântico Data Center R. Eng. Homero Carlos Simon, 1100 - Guajuviras92442000 Canoas Rio Grande do Sul (RS),Brazil",92442000,50,,2021,"73,000",-32.035,-52.09861
53,https://www.datacentermap.com/brazil/porto-alegre/maila-networks-dc2/specs/,"Maila Networks R. Gomes de Freitas340 91380000 Porto Alegre Rio Grande do Sul (RS),Brazil",91380000,,,,,-30.013085897087,-51.143147484932
54,https://www.datacentermap.com/brazil/porto-alegre/kinghost/specs/,"King Host Av. Cristóvão Colombo, 2360 Sala 605 90560-002 Porto Alegre RS,Brazil",90560-002,,,,,-30.017877578522,-51.197690239465
55,https://www.datacentermap.com/brazil/brasilia/engetronics-brasilia/specs/,"ENGETRONICS INTERNET DATACENTERSetor Hoteleiro Norte Qd 2 BL H , lojas nº 110 a 114 70702905 Brasilia DF,Brazil",70702905,,,,,-15.7895995,-47.8876569
56,https://www.datacentermap.com/brazil/fortaleza/angonap-fortaleza/specs/,"Angola Cables Av. Trajano de Medeiros, 1851 - Vicente Pinzon60182-186 Fortaleza Brazil",60182-186,,,,,-3.726049965222,-38.466871774042
57,https://www.datacentermap.com/brazil/fortaleza/scala-sforpf01/specs/,"Scala Data Centers Av. Dr. Aldy Mentor, 371 60191-095 Fortaleza Brazil",60191-095,7.2,,,,-3.757025093501,-38.447707395217
58,https://www.datacentermap.com/brazil/fortaleza/lumen-fortaleza/specs/,"Lumen Av. Dioguinho, 2950 60182-001 Fortaleza Brazil",60182-001,,,,,-3.742200962102,-38.453096945635
59,https://www.datacentermap.com/brazil/curitiba/nextstream-curitiba/specs/,"Next Stream Rua Senador Accioly Filho, 2200 81350-200 Curitiba Brazil",81350-200,0.7,582,,,-25.495342680018,-49.328516241782
60,https://www.datacentermap.com/brazil/campina-grande/hostzone-cge1/specs/,"Hostzonewithin R. Paulo de Frontin, Campina Grande58400-310 Campina Grande Paraiba,Brazil The exact location of this data center is not public,but it is located within R. Paulo de Frontin, Campina Grande",58400-310,,,,,-7.2309326,-35.8818436
61,https://www.datacentermap.com/brazil/sao-paulo/b3-data-center/specs/,"B3 S.A. – Brasil, Bolsa, Balcão R. Ricardo Prudente de Aquino, 85 - Res. Tambore III06543-004 Santana de Parnaiba Brazil",06543-004,,,,,-23.466598157441,-46.865243532649
62,https://www.datacentermap.com/brazil/sao-paulo/rpodc/specs/,"Insidesign Tecnologia Ltda EPPAv. Saudade, 1210 - Campos Elísios Sala 325 14085-010 Ribeirao Preto Sao Paulo,Brazil",14085-010,,,,,-21.162157320027,-47.801196774375
63,https://www.datacentermap.com/brazil/sao-paulo/microsoft-taquara-branca/specs/,"Microsoft Estr. Mun. Pedrina Guilherme, 1995 - Jardim Res. Firenze13189-217 Hortolândia Brazil",13189-217,,,,,-22.876759925754,-47.246140683912
64,https://www.datacentermap.com/brazil/sao-paulo/equinix-sp6/specs/,"Equinix Av. Cid Viêira da Souza, 460-48406544 Santana de Parnaíba Brazil",48406544,,,,,-23.457597524572,-46.851760823569
65,https://www.datacentermap.com/brazil/sao-paulo/microsoft-sao-paulo/specs/,"Microsoft Rua Santa Teresa, 64 01016-020 Sao Paulo Brazil",01016-020,,,,,-23.550029942349,-46.633017536152
66,https://www.datacentermap.com/brazil/sao-paulo/datacenter-locaweb-jk/specs/,"Locaweb S/AAv. Presidente Juscelino Kubitscheck, 1830 1º Andar04543-900 São Paulo São Paulo,Brazil",04543-900,,,,,-23.590635398212,-46.686619988962
67,https://www.datacentermap.com/brazil/sao-paulo/kyndryl-dc-hortolandia/specs/,"Kyndryl Rodovia Jornalista Francisco Aguirre Proença, Km 09 - S/N13186-900 Hortolândia Brazil",13186-900,,,,,-22.904561927634,-47.222677969419
68,https://www.datacentermap.com/brazil/sao-paulo/cdznet-data-center/specs/,"cdznet data center R. Independência, 2472 15025-095 Sao Jose do Rio Preto SP,Brazil",15025-095,,,,,-20.811840119218,-49.388589928573
69,https://www.datacentermap.com/brazil/sao-paulo/aligned-sp-03/specs/,"Aligned Data Centers Alameda Araguacema, 187 06460-070 Tamboré, Barueri Brazil",06460-070,,"1,800",,,-23.501903363884,-46.82462481856
70,https://www.datacentermap.com/brazil/rio-de-janeiro/av-cel-phidias-távora-513-2/specs/,"Ascenty Data Centers Avenida Coronel Phidias Tavora, 513 Building 2 21535-510 Rio de Janeiro Brazil",21535-510,3,"3,493",2021,,-22.807050120461,-43.339618092095
71,https://www.datacentermap.com/brazil/rio-de-janeiro/scala-data-centers-sgigsm03/specs/,"Scala Data Centerswithinnear Rod. Pres. Dutra 4300, Scala's Sao Joao de Meriti Campus25565 Sao Joao de Meriti Brazil The exact location of this data center is not public,but it is located withinnear Rod. Pres. Dutra 4300, Scala's Sao Joao de Meriti Campus",,,,,,-22.798359511792,-43.356362200974
72,https://www.datacentermap.com/brazil/rio-de-janeiro/scala-data-centers-sgigsm02/specs/,"Scala Data Centerswithinnear Rod. Pres. Dutra 4300, Scala's Sao Joao de Meriti Campus25565 Sao Joao de Meriti Brazil The exact location of this data center is not public,but it is located withinnear Rod. Pres. Dutra 4300, Scala's Sao Joao de Meriti Campus",,,,,,-22.798359511792,-43.356362200974
73,https://www.datacentermap.com/brazil/rio-de-janeiro/gblx-rio/specs/,Cirion Av. Dom Pedro II 32920910 Rio de Janeiro Brazil,32920910,,"5,112",,,-22.320613846552,-43.402091385694
74,https://www.datacentermap.com/brazil/rio-de-janeiro/equinix-rj1/specs/,"Equinix Rua Voluntarios da Patria, 360, Botafogo22270-010 Rio de Janeiro Rio de Janeiro,Brazil",22270-010,,"1,400",,,-22.954878100639,-43.194557020066
75,https://www.datacentermap.com/brazil/rio-de-janeiro/hexam2/specs/,"HEXAM2 Rua Ceara, 356 20270-160 Rio de Janeiro RJ,Brazil",20270-160,,,2013,,-22.908020293443,-43.217693028096
76,https://www.datacentermap.com/brazil/rio-de-janeiro/gvt-rio-de-janeiro/specs/,"Vivo Rua Sara, 36 20220-090 Rio de Janeiro Rio de Janeiro,Brazil",20220-090,,200,2011,,-22.901501428756,-43.203965203466
77,https://www.datacentermap.com/brazil/rio-de-janeiro/equinix-rj2/specs/,"Equinix Estrada Adhemar Bebiano, 1380, Del Castilho21051-070 Rio de Janeiro Rio de Janeiro,Brazil",21051-070,,"2,850",,,-22.871293804083,-43.272123068232
78,https://www.datacentermap.com/brazil/rio-de-janeiro/cloudhq-gig1/specs/,"Cloud HQR. Maria Soares Sendas, Parque Barreto25586-140 São João de Meriti Brazil",25586-140,36,"28,735",,,-22.795518300502,-43.352552542941
79,https://www.datacentermap.com/brazil/rio-de-janeiro/teleporto-rj/specs/,"Unknown Company Av. Pres. Vargas, 3131 - Centro20210-030 Rio de Janeiro Brazil",20210-030,,,,,-22.909942005253,-43.204502232002
80,https://www.datacentermap.com/brazil/rio-de-janeiro/cirion-rio2/specs/,"Cirion Av. Pedro II, 23520941 Rio de Janeiro Brazil",23520941,60,,2026,,-22.9357067,-43.6733496
81,https://www.datacentermap.com/brazil/rio-de-janeiro/ada-rio-de-janeiro/specs/,Ada Infrastructure Rua Oliveira Roxo25240-080 Duque de Caxias Brazil,25240-080,60,,,,-22.705812039026,-43.232343008584
82,https://www.datacentermap.com/brazil/rio-de-janeiro/takoda-rio-de-janeiro-rj1/specs/,"TAKODAEstrada dos Bandeirantes, 10916 22783-111 Rio de Janeiro Brazil",22783-111,9,,,,-22.984980364789,-43.431498419229
83,https://www.datacentermap.com/brazil/rio-de-janeiro/dc-ultranet-telecom1/specs/,"Ultranet Telecom Av. Pres. Vargas, 3131 20210-030 Centro Rio de Janeiro,Brazil",20210-030,,,,,-22.909942005253,-43.204502232002
84,https://www.datacentermap.com/brazil/rio-de-janeiro/aligned-rj-01/specs/,"Aligned Data Centers Rod. Pres. Dutra, 4648 25565-350 São João de Meriti Brazil",25565-350,,"1,800",,,-22.797623915969,-43.357630885838
85,https://www.datacentermap.com/brazil/porto-alegre/elea-digital-poa1/specs/,"Elea Data Centers Rua Engenheiro Afonso Cavalcanti 10090440 Porto Alegre Rio Grande do Sul (RS),Brazil",10090440,,,,,-30.034712041041,-51.1903977442
86,https://www.datacentermap.com/brazil/porto-alegre/elea-digital-poa2/specs/,"Elea Data Centers R. Voluntários da Pátria 1 55590030 Porto Alegre Rio Grande do Sul (RS),Brazil",55590030,,,,,-29.975170037423,-51.197774045529
87,https://www.datacentermap.com/brazil/porto-alegre/scala-spoapa01/specs/,"Scala Data Centers Av. Pernambuco 1 12490240 Porto Alegre Rio Grande do Sul (RS),Brazil",12490240,4.8,,,,-32.035,-52.09861
88,https://www.datacentermap.com/brazil/porto-alegre/vtal-voa/specs/,"Tecto Data Centers Rua Frederico Mentz, 1115 90240-110 Porto Alegre Brazil",90240-110,6,,,,-29.992072298188,-51.20097498931
89,https://www.datacentermap.com/brazil/porto-alegre/maila-networks-dc1/specs/,"Maila Networks R. Baronesa do Gravataí 738 90160070 Porto Alegre RS,Brazil",90160070,,,,,-30.046626577891,-51.225717742501
90,https://www.datacentermap.com/brazil/porto-alegre/telium-data-center--poa/specs/,"Telium Networks Av. Independência, 1299 90035073 Porto Alegre RS,Brazil",90035073,,,,,-30.028973245941,-51.207671768352
91,https://www.datacentermap.com/brazil/porto-alegre/adentro/specs/,"ADENTRO DATA CENTER SOLUTIONS LTDAAv. Bahia, 1258 90240-552 Porto Alegre Rio Grande do Sul,Brazil",90240-552,,,,,-30.013397200971,-51.201133323461
92,https://www.datacentermap.com/brazil/brasilia/elea-digital-bsb1/specs/,"Elea Data Centers Scn Q 370297 Brasilia DF,Brazil",,,,,,-15.792707068472,-47.880713716637
93,https://www.datacentermap.com/brazil/brasilia/elea-digital-bsb2/specs/,"Elea Data Centers Sig Q 2 Lote 47070610 Brasilia DF,Brazil",47070610,,,,,-15.794931999778,-47.91679751031
94,https://www.datacentermap.com/brazil/brasilia/nwi-brasilia/specs/,"NWISIG Quadra 1 Lote 725 70610-410 Brasília DF,Brazil",70610-410,,,,,-15.790630595661,-47.910773059312
95,https://www.datacentermap.com/brazil/brasilia/pix-g8-brasilia/specs/,Megatelecom Setor Comercial Norte Q 6 Id Sala 419 70655-775 Brasília Brazil,70655-775,,,,,-15.793791998082,-47.9388116989
96,https://www.datacentermap.com/brazil/brasilia/hasest-sia/specs/,"Hasest SIA Trecho 05, Lotes 05/35 Bloco B Sala 441 71205-050 Brasilia DF,Brazil",71205-050,,,,,-15.798230802546,-47.955237463096
97,https://www.datacentermap.com/brazil/fortaleza/rua-quatorze-1161/specs/,"Ascenty Data Centers Rua Quatorze, 1161 61921-430 Fortaleza Ceará,Brazil",61921-430,10,"8,993",2015,,-3.832573545088,-38.613519177205
98,https://www.datacentermap.com/brazil/fortaleza/vtal-big-lobster/specs/,"Tecto Data Centers R. Raimundo Esteves, 333 - Antonio Diogo60182-330 Fortaleza Brazil",60182-330,6,,,,-3.735052917029,-38.458391464529
99,https://www.datacentermap.com/brazil/fortaleza/hostweb-fortaleza/specs/,"Hostweb R. Vitóriano Borges, 455 60741-370 Fortaleza Brazil",60741-370,,,,,-3.780988957341,-38.553169187845
100,https://www.datacentermap.com/brazil/fortaleza/ipxon-fortaleza/specs/,IPXON Networks Tv. Quatorze 1161 61919-120 Fortaleza Brazil,61919-120,27,,,,-3.827924672029,-38.611121864097
101,https://www.datacentermap.com/brazil/fortaleza/vtal-mega-lobster/specs/,Tecto Data Centers Av. Dioguinho & R. Francisco Montenegro60183-713 Fortaleza Brazil,60183-713,20,,,,-3.754023720396,-38.446931894145
102,https://www.datacentermap.com/brazil/fortaleza/provenet-idc/specs/,"Prove NET Internet Services LTDARua Isaías Domingos da Silveira, 215 60177-180 Fortaleza Brazil",60177-180,,,,,-3.735771707136,-38.466489975558
103,https://www.datacentermap.com/brazil/fortaleza/dc-ultranet-telecom/specs/,"Ultranet Telecom Av. Santos Dumont, 2122 60150-161 Fortaleza Aldelota,Brazil",60150-161,,,,,-3.734124705072,-38.50491127861
104,https://www.datacentermap.com/brazil/curitiba/elea-digital-cta1/specs/,"Elea Data Centers Tv. Teixeira de Freitas 7380410 Curitiba Paraná,Brazil",,,,,,-25.425127971788,-49.280766936955
105,https://www.datacentermap.com/brazil/curitiba/cirion-cur1/specs/,"Cirion R. do Semeador, 35081270 Curitiba Paraná,Brazil",35081270,,"2,995",,,-25.469830511542,-49.350175857179
106,https://www.datacentermap.com/brazil/curitiba/gvt-curitiba/specs/,"Vivo Rua Francisco Nunes, 1395 80215-000 Curitiba Paraná,Brazil",80215-000,,200,2011,,-25.453558808869,-49.254412003446
107,https://www.datacentermap.com/brazil/curitiba/cwbhn-01/specs/,"Hosting Now Rua Brasílio Itiberê 2217 80230050 Curitiba Paraná,Brazil",80230050,,"2,000",2022,,-25.445962792936,-49.265741738149
108,https://www.datacentermap.com/brazil/maringa/getcard-data-center/specs/,"Get Card Provedora de Transações Eletrônicas Av. Advogado Horacio Racanello Filho, 5570 87020-035 Maringa Parana,Brazil",87020-035,,,,,-23.418046479774,-51.942296573865
109,https://www.datacentermap.com/brazil/maringa/rgk4it-data-center/specs/,"RGK4 ITAv. José Alves Nendo, 467 - Jardim São Silvestre87055-000 MaringáBrazil",87055-000,,,,,-23.455632598794,-51.91508969118
110,https://www.datacentermap.com/brazil/maringa/r4-data-center/specs/,"R4 Data Center Avenida Duque de Caxias, 882 - Novo Centro Sala 802 87020-025 MaringáParaná,Brazil",87020-025,,,1995,,-23.417431520874,-51.939564478715
111,https://www.datacentermap.com/brazil/joao-pessoa/hostdime-brazil/specs/,"Host Dime Global Corp Av São Paulo, 1223 58020500 João Pessoa Paraiba,Brazil",58020500,,,,,-7.117361108361,-34.856755060543
112,https://www.datacentermap.com/brazil/campinas/ascenty-htl05/specs/,"Ascenty Data Centers Rua Papa João Paulo II, 4 Building 5 13185-252 Hortolândia Brazil",13185-252,30,"22,984",2022,,-22.896033619948,-47.179040874904
113,https://www.datacentermap.com/brazil/campinas/ascenty-htl04/specs/,"Ascenty Data Centers Rua Papa João Paulo II, 4 Building 4 13185-252 Hortolândia Brazil",13185-252,3,"1,997",2021,,-22.896033619948,-47.179040874904
114,https://www.datacentermap.com/brazil/campinas/ascenty-vin02/specs/,"Ascenty Data Centers Av. 2, 50, Quadra G1, Distrito Industrial Benedito Storani Bldg 2 13288-162 Vinhedo Brazil",13288-162,34,"24,991",,,-23.038156080543,-46.984838716213
115,https://www.datacentermap.com/brazil/campinas/ascenty-sum04/specs/,"Ascenty Data Centers Rodovia Anhanguera s/n, Parque das Industrias (Nova Veneza)Bldg 4 13177-435 SumaréBrazil",13177-435,19,,,,-22.811354297463,-47.212282684952
116,https://www.datacentermap.com/brazil/campinas/ascenty-sum03/specs/,"Ascenty Data Centers Rodovia Anhanguera s/n, Parque das Industrias (Nova Veneza)Bldg 3 13177-435 SumaréBrazil",13177-435,19,,,,-22.811354297463,-47.212282684952
117,https://www.datacentermap.com/brazil/campinas/cloudhq-gru-campus/specs/,Cloud HQParque das Indústrias13140-0000 Paulínia Brazil,13140-000,288,,,,-22.7696189,-47.1511535
118,https://www.datacentermap.com/brazil/campinas/ascenty-hortolandia-htl6/specs/,Ascenty Data Centers Rua Papa João Paulo IIBuilding 6 13185-252 Hortolândia Brazil,13185-252,30,"22,984",,,-22.896027086545,-47.179113249181
119,https://www.datacentermap.com/brazil/campinas/edge-connection--cps01/specs/,"Edge Connection Rua Angelo Sellin, 401 Terreo13098422 Campinas Sao Paulo,Brazil",13098422,,,,,-22.814853127328,-47.029054399671
120,https://www.datacentermap.com/brazil/campinas/cloudhq-gru3/specs/,Cloud HQParque das Indústrias13140-0000 Paulínia Brazil,13140-000,48,"18,055",,,-22.7696189,-47.1511535
121,https://www.datacentermap.com/brazil/campinas/cloudhq-gru2/specs/,Cloud HQParque das Indústrias13140-0000 Paulínia Brazil,13140-000,48,"18,055",,,-22.7696189,-47.1511535
122,https://www.datacentermap.com/brazil/campinas/cloudhq-gru1/specs/,Cloud HQParque das Indústrias13140-0000 Paulínia Brazil,13140-000,48,"18,055",,,-22.7696189,-47.1511535
123,https://www.datacentermap.com/brazil/campinas/scala-svcpcp01/specs/,"Scala Data Centers R. Guido de Camargo Penteado Sobrinho 3 68513082 Campinas Sao Paulo,Brazil",68513082,4,,,,-22.827311728121,-47.095615319731
124,https://www.datacentermap.com/brazil/campinas/ascenty-sumare-sum5/specs/,"Ascenty Data Centers Rodovia Anhanguera s/n, Parque das Industrias (Nova Veneza)13177-435 SumaréBrazil",13177-435,19,,,,-22.811354297463,-47.212282684952
125,https://www.datacentermap.com/brazil/campinas/upx-campinas/specs/,"UPX Technologies Rua Guapuruvu, 200 - Lot. Alphaville13098-322 Campinas Sao Paulo,Brazil",13098-322,,,,,-22.821561652107,-47.036400757044
126,https://www.datacentermap.com/brazil/belo-horizonte/ativas-datacenter-sa/specs/,"Sonda S.A.Agenério de Araújo st. , 20 Camargos30140090 Belo Horizonte MG,Brazil",30140090,2.5,"6,000",2011,,-19.9181771,-43.9370534
127,https://www.datacentermap.com/brazil/belo-horizonte/century-cem-dc01/specs/,"Century Telecom LTDAJosé Permínio da Silva st., 80 CINCO32341590 Contagem Minas Gerais,Brazil",32341590,,,,,-19.9381445,-44.0524931
128,https://www.datacentermap.com/brazil/belo-horizonte/valspe/specs/,"VSP Solution AV. Raja Gabaglia, 3348 30494310 Belo Horizonte Minas Gerais,Brazil",30494310,,,,,-19.963252805156,-43.9562151972
129,https://www.datacentermap.com/brazil/recife/surfix-data-center/specs/,"Surfix Cloud & Data Center Av. Domingos Ferreira, 2010 51111-020 Recife Brazil",51111-020,,,,,-8.10702159447,-34.890749209975
130,https://www.datacentermap.com/brazil/recife/hotlink-internet/specs/,"hotlink internet ltda Rua Manoel Bezerra, 165 50610250 Madalena Pernambuco,Brazil",50610250,,,,,-8.055195197489,-34.91047593528
131,https://www.datacentermap.com/brazil/cascavel/constel-tecnologia-minas/specs/,"Constel Tecnologia Rua Minas Gerais, 1932 - Centro85812-030 Cascavel Parana,Brazil",85812-030,,,,,-24.948012994112,-53.449701393698
132,https://www.datacentermap.com/brazil/cascavel/constel-tecnologia-para/specs/,"Constel Tecnologia Rua Pará, 812 - Country85813-060 Cascavel Parana,Brazil",85813-060,,,,,-24.93934710355,-53.441353935543
133,https://www.datacentermap.com/brazil/palmas/idx-data-centers-it-services/specs/,"IDX Data Centers & IT Services Q. 103 Sul Rua SO 5, 274 - Plano Diretor Sul77015 Palmas Tocantins,Brazil",,1.2,250,2022,,-10.18752638725,-48.340775504867
134,https://www.datacentermap.com/brazil/santa-maria/dc-coracao-do-rio-grande/specs/,"Avato Rua Doutor Bozano, 1293 - 3 o Andar97015004 Santa Maria RS,Brazil",97015004,,,,,-29.686919352605,-53.809411324018
135,https://www.datacentermap.com/brazil/sao-jose-do-rio-preto/sjrp01/specs/,"IFTNET Telecom Av Bady Bassit 2966 15025000 Sao Jose do Rio Preto SPSP,Brazil",15025000,,,,,-20.808882313226,-49.382835668224
136,https://www.datacentermap.com/brazil/vitoria/nuv-datacenter-nuv2/specs/,"NUV Datacenter R. Prof. Almeida Cousin, 125 SALA 1113 29050-565 Vitória Brazil",29050-565,,,,,-20.314051420574,-40.294013926896
137,https://www.datacentermap.com/brazil/vitoria/nuv-datacenter-nuv1/specs/,"NUV Datacenter Rua Fioravanet Cassini, 28 29160-855 Serra Brazil",29160-855,,,,,-20.222486757153,-40.270979486393
138,https://www.datacentermap.com/brazil/vitoria/vix-datacenter/specs/,"Conect Já Telecomunicações R. Sérgio Cardoso, 75 - Dom Bosco29147-350 Cariacica Brazil",29147-350,,,,,-20.334957449586,-40.391100656715
139,https://www.datacentermap.com/brazil/manaus/pix-g8-manaus/specs/,"Megatelecom Corporate Trade, Rodovia Alvaro Maia, 2357 Sala 806 69025-310 Manaus Brazil",69025-310,,,,,-3.115695524388,-60.012577435992
140,https://www.datacentermap.com/brazil/manaus/clickip-datacenters/specs/,"Click IP Datacenters Street Presidente Joao Batista Figueiredo69058695 Manaus AMAZONAS,Brazil",69058695,,,,,-3.1063916,-60.0262934
141,https://www.datacentermap.com/brazil/aracaju/pix-g8-aracaju/specs/,"Megatelecom Rua Pacatuba, 254 49010-150 Aracaju Brazil",49010-150,,,,,-10.916326498108,-37.049172174674
142,https://www.datacentermap.com/brazil/goiania/pix-g8-goiania/specs/,"Megatelecom Avenida T-63, 318214 aº74250-320 Goiânia Brazil",74250-320,,,,,-16.717786942157,-49.294573629096
143,https://www.datacentermap.com/brazil/blumenau/unifique-timb-dc1/specs/,"Unifique R. Duque de Caxias, 831 - Centro89120-000 TimbóBrazil",89120-000,1.5,685,,,-26.823279635825,-49.280097510537
144,https://www.datacentermap.com/brazil/blumenau/armazem-dc-brusque/specs/,"Armazém Cloud R. Atílio Battistoti, 199 - Azambuja88354-120 Brusque Brazil",88354-120,,,,,-27.107696303682,-48.918771012183
145,https://www.datacentermap.com/brazil/itauna/gox-dc/specs/,"GOX DATA CENTER LTDARua Zezé Lima, 212 35680045 Itaúna MG,Brazil",35680045,,,,,-20.070620416696,-44.576550379664
146,https://www.datacentermap.com/brazil/joinville/armazem-dc-joinville/specs/,"Armazém Cloud R. Dona Francisca, 8300 - Distrito Industrial Norte89219-600 Joinville Brazil",89219-600,,,,,-26.245113390612,-48.88502706256
147,https://www.datacentermap.com/brazil/xaxim/ferenz-networks/specs/,"Ferenz Networks R. Rio Grande, 1938 - Guarany89825-000 Xaxim SC,Brazil",89825-000,,,,,-26.958996273121,-52.524444648312
148,https://www.datacentermap.com/brazil/tambore/scala-sgrutb01/specs/,Scala Data Centers Av. Ceci 1 85006460 TamboréBrazil,85006460,21,,,,-23.493382568654592,-46.81059902826906
149,https://www.datacentermap.com/brazil/tambore/scala-sgrutb04/specs/,"Scala Data Centers Av. Ceci 1 65006460 TamboréSao Paulo,Brazil",65006460,12,,,,-23.496670136956,-46.829929489328
150,https://www.datacentermap.com/brazil/tambore/scala-sgrutb05/specs/,"Scala Data Centers Av. Ceci 1 60006460 TamboréSao Paulo,Brazil",60006460,6,,,,-23.496670136956,-46.829929489328
151,https://www.datacentermap.com/brazil/tambore/scala-sgrutb03/specs/,Scala Data Centers Av. Ceci 1 75004065 TamboréBrazil,75004065,9,,,,-23.492998707280595,-46.81080363272966
155,https://www.datacentermap.com/brazil/tambore/scala-data-centers-sgrutb09/specs/,Scala Data Centers Av. Ceci 1649 06460-120 Barueri Brazil,06460-120,36,,2024,,-23.496386351257,-46.813457842538
156,https://www.datacentermap.com/brazil/uberlandia/algar-tecnologia/specs/,"Algar Tech Av. Floriano Peixoto, 6500 38406-642 Uberlandia Minas Gerais,Brazil",38406-642,,,,,-18.88106419984,-48.249216167895
157,https://www.datacentermap.com/brazil/uberlandia/algar-tech-uberlandia/specs/,"Algar Tech Rua Janaúba, 145 38413-102 Uberlandia MG,Brazil",38413-102,,,,,-18.920874297116,-48.308902898947
158,https://www.datacentermap.com/brazil/muriae/tyna-host-data-center/specs/,"Tyna Host Datacenter no Brasil R. Waldemar Vaz Pereira, 45 36889-186 MuriaéBrazil",36889-186,,,,,-21.126857333214,-42.357501479995
159,https://www.datacentermap.com/brazil/ribeirao-preto/convex-idc-rpo/specs/,"Convex Internet Solutions R. Bernardino de Campos, 1001 14015-130 Ribeirao Preto SP,Brazil",14015-130,,,,,-21.185282697522,-47.808224581093
160,https://www.datacentermap.com/brazil/videira/brdrive-data-center/specs/,"BRDrive R. Frederico Bortolaz, 971 - Panazzolo89566-060 Videira Brazil",89566-060,,,,,-27.001917104703,-51.167533291116
